51.483453,-0.9544836999999999,02/10/2017
51.4527771,-0.9760535,02/18/2017
51.4542645,-0.9781303,02/18/2017
51.46435349999999,-1.0171928,02/06/2017
51.4572544,-0.9703092999999998,02/16/2017
51.45601079999999,-0.9757833,02/15/2017
51.4287863,-0.9210596,02/13/2017
51.454603,-0.9745185999999999,02/18/2017
51.4330822,-1.0751524,02/15/2017
51.44132880000001,-0.9265116,02/19/2017
51.4542645,-0.9781303,02/13/2017
51.4542645,-0.9781303,02/14/2017
51.5194704,-0.9844476000000001,02/14/2017
51.4542645,-0.9781303,02/08/2017
51.4130441,-1.1213793,02/07/2017
51.4441181,-0.9651454,02/06/2017
51.4287863,-0.9210596,02/04/2017
51.4473816,-0.9636654000000001,02/05/2017
51.4437432,-0.9890513000000001,02/05/2017
51.4330822,-1.0751524,02/04/2017
51.4542645,-0.9781303,01/04/2017
51.4811226,-1.0395014,02/01/2017
51.4542645,-0.9781303,01/30/2017
51.4805,-0.9573999999999998,01/28/2017
51.4493339,-0.9568546,01/30/2017
51.4542645,-0.9781303,01/28/2017
51.3822228,-0.8978917,01/29/2017
51.4542645,-0.9781303,01/29/2017
51.4553297,-0.9758918999999999,01/28/2017
51.4251736,-0.9349273,01/26/2017
51.4556441,-0.9693731999999998,01/26/2017
51.4572544,-0.9703092999999998,01/26/2017
51.4542645,-0.9781303,01/26/2017
51.4330822,-1.0751524,01/25/2017
51.4540766,-0.9594423,01/25/2017
51.46435349999999,-1.0171928,01/24/2017
51.4412151,-1.0260804,01/19/2017
51.4547089,-0.9713976999999999,01/20/2017
51.4544162,-0.9432701,01/20/2017
51.46435349999999,-1.0171928,01/19/2017
51.4330822,-1.0751524,01/19/2017
51.45673290000001,-0.9734676999999999,01/19/2017
51.4486509,-0.9685531,01/19/2017
51.4544162,-0.9432701,01/18/2017
51.46435349999999,-1.0171928,01/17/2017
51.4801605,-1.0464582,01/13/2017
51.4415608,-1.0203877,01/17/2017
51.4330822,-1.0751524,11/24/2016
51.4542645,-0.9781303,01/17/2017
51.4415608,-1.0203877,01/16/2017
51.4542645,-0.9781303,01/16/2017
51.4544162,-0.9432701,01/16/2017
51.46435349999999,-1.0171928,01/14/2017
51.4542645,-0.9781303,01/13/2017
51.4542645,-0.9781303,01/13/2017
51.4542645,-0.9781303,11/16/2016
51.4542645,-0.9781303,01/13/2017
51.453729,-1.0111649,01/12/2017
51.4594086,-0.9731692000000001,01/12/2017
51.4493339,-0.9568546,01/11/2017
51.4548128,-0.9330609,12/12/2016
51.4542645,-0.9781303,12/29/2016
51.3948166,-0.9697060999999999,01/03/2017
51.4392189,-0.9596571,12/30/2016
51.4556441,-0.9693731999999998,01/09/2017
51.4544162,-0.9432701,01/10/2017
51.4542645,-0.9781303,01/08/2017
51.42379829999999,-0.9878819999999998,01/06/2017
51.4542645,-0.9781303,12/21/2016
51.46435349999999,-1.0171928,12/12/2016
51.4542645,-0.9781303,01/11/2017
51.4287863,-0.9210596,01/09/2017
51.4556441,-0.9693731999999998,01/09/2017
51.4542645,-0.9781303,01/05/2017
51.46435349999999,-1.0171928,12/31/2016
51.4450635,-0.9583995999999999,12/29/2016
51.4544162,-0.9432701,12/07/2016
51.465934,-1.051554,12/29/2016
51.4542645,-0.9781303,12/19/2016
51.4542645,-0.9781303,12/20/2016
51.4538571,-0.9618687,12/18/2016
51.4554414,-0.9753154,12/24/2016
51.4549966,-0.9692775999999999,12/17/2016
51.4479001,-0.9516707,12/21/2016
51.4548128,-0.9330609,12/22/2016
51.4542645,-0.9781303,12/09/2016
51.4676088,-0.9051349,12/20/2016
51.4542645,-0.9781303,12/23/2016
51.4616152,-0.9735001,12/23/2016
51.4554414,-0.9753154,12/23/2016
51.4542645,-0.9781303,12/16/2016
51.4542645,-0.9781303,11/18/2016
51.4287863,-0.9210596,12/18/2016
51.4330822,-1.0751524,12/18/2016
51.45240829999999,-0.9681928000000001,12/14/2016
51.4540766,-0.9594423,12/17/2016
51.4609923,-0.9754862999999999,12/16/2016
51.4663103,-0.9583219999999999,12/17/2016
51.4456748,-0.9601451,12/15/2016
51.4542645,-0.9781303,12/13/2016
51.4908933,-0.9562060000000001,12/02/2016
51.4440255,-0.9033277,12/15/2016
51.4741416,-0.8818440999999999,12/12/2016
51.4542645,-0.9781303,12/14/2016
51.4542645,-0.9781303,12/09/2016
51.4542645,-0.9781303,12/13/2016
51.4290444,-0.9745742,12/12/2016
51.4330822,-1.0751524,11/18/2016
51.4542645,-0.9781303,12/08/2016
51.4583708,-0.8889703,12/08/2016
51.4542645,-0.9781303,12/04/2016
51.4556965,-1.0025127,12/08/2016
51.46435349999999,-1.0171928,12/06/2016
51.4527771,-0.9760535,12/06/2016
51.45673290000001,-0.9734676999999999,12/07/2016
51.4542645,-0.9781303,12/07/2016
51.45673290000001,-0.9734676999999999,12/07/2016
51.4594426,-1.0247958,12/06/2016
51.4311507,-0.9620623,12/05/2016
51.4556441,-0.9693731999999998,12/05/2016
51.45673290000001,-0.9734676999999999,11/30/2016
51.4540766,-0.9594423,11/30/2016
51.4468826,-0.9825009,12/01/2016
51.4542645,-0.9781303,12/01/2016
51.4556441,-0.9693731999999998,12/05/2016
51.4313854,-0.9649960999999999,12/01/2016
51.4456492,-0.9502579999999999,12/05/2016
51.4330822,-1.0751524,12/02/2016
51.4542645,-0.9781303,12/02/2016
51.45673290000001,-0.9734676999999999,12/03/2016
51.45673290000001,-0.9734676999999999,12/03/2016
51.4270623,-0.9466600000000001,12/02/2016
51.4539172,-0.9103024999999999,11/30/2016
51.4553297,-0.9758918999999999,12/01/2016
51.4540766,-0.9594423,12/01/2016
51.4330822,-1.0751524,12/01/2016
51.4330822,-1.0751524,11/28/2016
51.4556441,-0.9693731999999998,11/28/2016
51.46435349999999,-1.0171928,11/25/2016
51.4676088,-0.9051349,11/28/2016
51.4542645,-0.9781303,11/25/2016
51.4542645,-0.9781303,11/24/2016
51.46435349999999,-1.0171928,11/25/2016
51.4541984,-0.977675,11/22/2016
51.4270623,-0.9466600000000001,11/18/2016
51.4410493,-1.0548882,11/18/2016
51.4542645,-0.9781303,11/17/2016
51.4539906,-0.9731618,11/16/2016
51.4514648,-0.9807508,11/23/2016
51.4199695,-0.9568880999999999,11/24/2016
51.4287863,-0.9210596,11/24/2016
51.4542645,-0.9781303,11/18/2016
51.53882309999999,-1.0923094,11/16/2016
51.4609923,-0.9754862999999999,11/19/2016
51.4540766,-0.9594423,11/21/2016
51.4542645,-0.9781303,11/09/2016
51.4497777,-0.9996404,10/17/2016
51.4542645,-0.9781303,11/15/2016
51.4587576,-0.9736642999999998,11/15/2016
51.4539172,-0.9103024999999999,11/15/2016
51.4676088,-0.9051349,11/11/2016
51.4663313,-0.9536637000000001,11/12/2016
51.4451933,-1.0633989,11/09/2016
51.4333967,-0.8744676,11/09/2016
51.4594426,-1.0247958,11/09/2016
51.4544162,-0.9432701,11/07/2016
51.4542645,-0.9781303,11/06/2016
51.45673290000001,-0.9734676999999999,11/08/2016
51.4659262,-0.9657252000000001,11/08/2016
51.4542645,-0.9781303,11/08/2016
51.45673290000001,-0.9734676999999999,11/04/2016
51.454603,-0.9745185999999999,09/06/2014
51.45673290000001,-0.9734676999999999,11/07/2016
51.47326380000001,-0.9747174,10/29/2016
51.4493339,-0.9568546,11/08/2016
51.4241861,-0.9754630000000001,11/07/2016
51.47218909999999,-0.7979965000000001,11/04/2016
51.4441181,-0.9651454,10/14/2016
51.4541984,-0.977675,11/05/2016
51.4562061,-0.8913021,09/29/2016
51.4542645,-0.9781303,10/25/2016
51.3773259,-0.9006877,11/04/2016
51.4327979,-0.9554180999999999,11/05/2016
51.4440255,-0.9033277,11/03/2016
51.44132880000001,-0.9265116,11/02/2016
51.4441181,-0.9651454,11/02/2016
51.4544162,-0.9432701,11/02/2016
51.5050649,-0.8375473,10/07/2016
51.4542645,-0.9781303,11/02/2016
51.4542645,-0.9781303,11/01/2016
51.4550761,-0.9689523000000001,10/31/2016
51.4542645,-0.9781303,10/25/2016
51.4285058,-0.8994531999999998,10/25/2016
51.4546048,-1.0416773,10/31/2016
51.4542645,-0.9781303,10/31/2016
51.4741416,-0.8818440999999999,10/24/2016
51.4544162,-0.9432701,10/21/2016
51.445336,-0.8962389999999999,10/13/2016
51.4544162,-0.9432701,10/28/2016
51.47326380000001,-0.9747174,10/29/2016
51.47326380000001,-0.9747174,10/30/2016
51.4553297,-0.9758918999999999,10/29/2016
51.4497283,-0.9303498000000001,10/27/2016
51.4330822,-1.0751524,10/27/2016
51.4542645,-0.9781303,10/26/2016
51.46435349999999,-1.0171928,10/25/2016
51.4404281,-0.9500315999999999,10/06/2016
51.44132880000001,-0.9265116,10/23/2016
51.4206927,-1.109953,10/25/2016
51.45816379999999,-0.9721907,10/25/2016
51.4572544,-0.9703092999999998,10/24/2016
51.4372826,-0.9341981,10/25/2016
51.3960857,-1.065089,10/25/2016
51.3858209,-0.8935382,10/22/2016
51.4441181,-0.9651454,10/22/2016
51.4441181,-0.9651454,10/23/2016
51.4437432,-0.9890513000000001,10/23/2016
51.44798249999999,-0.9569921,10/22/2016
51.4825137,-0.9687148000000001,10/20/2016
51.46435349999999,-1.0171928,10/17/2016
51.4311507,-0.9620623,10/22/2016
51.47326380000001,-0.9747174,10/19/2016
51.4605533,-0.9710267,10/14/2016
51.4253757,-0.9828101,10/18/2016
51.4083203,-0.9478325999999999,10/18/2016
51.4493339,-0.9568546,10/17/2016
51.4479001,-0.9516707,10/17/2016
51.45240829999999,-0.9681928000000001,10/17/2016
51.4147608,-0.9665016999999999,10/16/2016
51.45673290000001,-0.9734676999999999,10/15/2016
51.4542645,-0.9781303,10/15/2016
51.4542645,-0.9781303,10/14/2016
51.4527771,-0.9760535,10/17/2016
51.4005521,-0.9158263,10/15/2016
51.4287588,-0.9361868999999999,10/14/2016
51.4587095,-1.0396953,10/13/2016
51.453729,-1.0111649,10/13/2016
51.4542645,-0.9781303,10/13/2016
51.46435349999999,-1.0171928,10/12/2016
51.4527771,-0.9760535,10/03/2016
51.4540766,-0.9594423,10/11/2016
51.4542645,-0.9781303,10/10/2016
51.4609923,-0.9754862999999999,10/11/2016
51.4542645,-0.9781303,10/09/2016
51.4542645,-0.9781303,10/08/2016
51.4961518,-0.9628314000000001,10/06/2016
51.46435349999999,-1.0171928,10/07/2016
51.45315489999999,-0.9614811999999999,10/08/2016
51.465272,-0.9609867999999999,10/07/2016
51.46435349999999,-1.0171928,10/07/2016
51.4519355,-0.9942306,10/06/2016
51.4978378,-0.8759914999999999,10/05/2016
51.4313854,-0.9649960999999999,10/05/2016
51.3988939,-1.0591279,10/04/2016
51.4493449,-0.9438089000000001,10/03/2016
51.1748773,-1.2227796,10/04/2016
51.4542645,-0.9781303,10/01/2016
51.4493339,-0.9568546,10/03/2016
51.4519355,-0.9942306,10/03/2016
51.4594086,-0.9731692000000001,10/03/2016
51.4961518,-0.9628314000000001,10/01/2016
51.453895,-0.9602149,09/30/2016
51.4493339,-0.9568546,09/15/2016
51.3823057,-1.1521155,07/11/2016
51.4542645,-0.9781303,07/05/2016
51.4554266,-1.0591883,11/11/2016
51.4531044,-0.9829137,01/31/2017
51.4542645,-0.9781303,09/30/2016
51.4572649,-1.0460483,09/29/2016
51.442881,-1.005764,09/30/2016
51.4542645,-0.9781303,09/30/2016
51.4541984,-0.977675,09/30/2016
51.4429172,-0.9319558,09/30/2016
51.4542645,-0.9781303,09/29/2016
51.4456492,-0.9502579999999999,09/24/2016
51.4514648,-0.9807508,09/28/2016
51.4493339,-0.9568546,09/16/2016
51.4542645,-0.9781303,09/27/2016
51.4542645,-0.9781303,09/28/2016
51.4544162,-0.9432701,09/28/2016
51.4542645,-0.9781303,09/27/2016
51.4206927,-1.109953,09/26/2016
51.4554029,-1.037816,09/26/2016
51.4676088,-0.9051349,09/27/2016
51.4493339,-0.9568546,09/23/2016
51.37832,-1.1969451,09/26/2016
51.1748773,-1.2227796,09/24/2016
51.403266,-0.9736258999999999,09/23/2016
51.4542645,-0.9781303,09/17/2016
51.4541984,-0.977675,09/22/2016
51.47326380000001,-0.9747174,09/23/2016
51.4586708,-0.9739336999999999,07/01/2015
51.4542645,-0.9781303,09/19/2016
51.4555224,-1.0366458,09/22/2016
51.4694199,-0.9700147,09/20/2016
51.4542645,-0.9781303,09/20/2016
51.4047647,-0.9461099,09/19/2016
51.4497283,-0.9303498000000001,09/17/2016
51.4542645,-0.9781303,09/11/2016
51.4542645,-0.9781303,09/12/2016
51.4479001,-0.9516707,09/14/2016
51.4554414,-0.9753154,09/12/2016
51.4493339,-0.9568546,09/13/2016
51.446941,-0.9137299999999998,09/12/2016
51.380176,-0.9596941,09/11/2016
51.4548128,-0.9330609,09/12/2016
51.4553297,-0.9758918999999999,09/08/2016
51.4676088,-0.9051349,09/12/2016
51.4542645,-0.9781303,09/09/2016
51.4594086,-0.9731692000000001,08/13/2016
51.44132880000001,-0.9265116,09/08/2016
51.44132880000001,-0.9265116,09/07/2016
51.4542645,-0.9781303,09/05/2016
51.4542645,-0.9781303,09/05/2016
51.45641089999999,-0.9807786,09/06/2016
51.46435349999999,-1.0171928,08/31/2016
51.4568964,-0.9682099999999999,08/20/2016
51.4544162,-0.9432701,08/22/2016
51.4448066,-0.9651782,08/27/2016
51.4542645,-0.9781303,08/29/2016
51.4441181,-0.9651454,08/19/2016
51.4544162,-0.9432701,08/25/2016
51.4663313,-0.9536637000000001,08/25/2016
51.4527771,-0.9760535,08/24/2016
51.453817,-0.9736811999999998,08/24/2016
51.4517441,-0.9699732,08/12/2016
51.4540766,-0.9594423,08/22/2016
51.4609923,-0.9754862999999999,08/22/2016
51.4287863,-0.9210596,08/19/2016
51.4542645,-0.9781303,08/13/2016
51.4542645,-0.9781303,08/04/2016
51.4531044,-0.9829137,08/18/2016
51.4741416,-0.8818440999999999,08/14/2016
51.4555224,-1.0366458,08/15/2016
51.45673290000001,-0.9734676999999999,08/13/2016
51.4540766,-0.9594423,08/13/2016
51.4542645,-0.9781303,08/13/2016
51.4554048,-1.0190045,08/10/2016
51.4600801,-0.9679024,07/26/2016
51.4542645,-0.9781303,03/10/2016
51.4514648,-0.9807508,08/09/2016
51.3822228,-0.8978917,08/10/2016
51.4594426,-1.0247958,07/25/2016
51.3953971,-0.9036626,08/04/2016
51.3884739,-0.9226125000000001,08/08/2016
51.4576189,-0.9117639,08/06/2016
51.4147608,-0.9665016999999999,08/07/2016
51.46435349999999,-1.0171928,07/07/2016
51.4544162,-0.9432701,08/04/2016
51.4542645,-0.9781303,08/03/2016
51.4542645,-0.9781303,08/10/2015
51.4576189,-0.9117639,07/08/2016
51.4502061,-0.9951230000000001,08/04/2016
51.4540766,-0.9594423,08/02/2016
51.4542645,-0.9781303,08/01/2016
51.4488442,-0.9521046000000001,08/02/2016
51.4542645,-0.9781303,08/01/2016
51.4542645,-0.9781303,07/27/2016
51.4287863,-0.9210596,07/28/2016
51.45673290000001,-0.9734676999999999,07/30/2016
51.4542645,-0.9781303,07/27/2016
51.44133799999999,-1.066952,07/27/2016
51.4330822,-1.0751524,07/27/2016
51.4694199,-0.9700147,07/27/2016
51.4594086,-0.9731692000000001,07/27/2016
51.4533651,-1.0460227,07/25/2016
51.4330822,-1.0751524,07/25/2016
51.4438437,-0.9887233999999998,07/26/2016
51.4542645,-0.9781303,07/23/2016
51.4146112,-0.9749448999999999,07/18/2016
51.4544162,-0.9432701,07/21/2016
51.44132880000001,-0.9265116,07/20/2016
51.380176,-0.9596941,07/20/2016
51.4961518,-0.9628314000000001,07/21/2016
51.4206927,-1.109953,07/17/2016
51.4525037,-1.0254086,07/15/2016
51.4542645,-0.9781303,07/20/2016
51.4493339,-0.9568546,07/20/2016
51.4540766,-0.9594423,07/19/2016
51.4542645,-0.9781303,07/19/2016
51.4553297,-0.9758918999999999,07/18/2016
51.4542645,-0.9781303,07/14/2016
51.4542645,-0.9781303,07/18/2016
51.4542645,-0.9781303,07/18/2016
51.4961518,-0.9628314000000001,07/16/2016
51.454603,-0.9745185999999999,07/16/2016
51.4600801,-0.9679024,07/05/2016
51.4542645,-0.9781303,07/11/2016
51.3793153,-0.9566855999999999,07/13/2016
51.4542645,-0.9781303,07/13/2016
51.4306245,-0.9739551000000001,07/13/2016
51.4441181,-0.9651454,07/12/2016
51.4527771,-0.9760535,07/12/2016
51.4493339,-0.9568546,07/12/2016
51.4961518,-0.9628314000000001,07/11/2016
51.44132880000001,-0.9265116,07/11/2016
51.4479001,-0.9516707,07/11/2016
51.380176,-0.9596941,07/11/2016
51.4741416,-0.8818440999999999,07/10/2016
51.4486509,-0.9685531,07/09/2016
51.4542645,-0.9781303,07/05/2016
51.43732319999999,-0.9649973,06/20/2016
51.4253757,-0.9828101,07/06/2016
51.4527967,-0.9587091999999999,07/02/2016
51.4493776,-0.9695600999999999,07/05/2016
51.43365499999999,-0.9656260999999999,07/03/2016
51.4441181,-0.9651454,07/03/2016
51.4542645,-0.9781303,07/03/2016
51.4554414,-0.9753154,06/30/2016
51.4384105,-0.9596545999999999,06/29/2016
51.4676088,-0.9051349,06/28/2016
51.4542645,-0.9781303,06/27/2016
51.4333967,-0.8744676,06/20/2016
51.4311119,-0.9769099000000001,06/27/2016
51.4485223,-0.9044867000000001,06/28/2016
51.4542645,-0.9781303,06/26/2016
51.45673290000001,-0.9734676999999999,06/24/2016
51.46435349999999,-1.0171928,06/23/2016
51.4542645,-0.9781303,06/24/2016
51.4542645,-0.9781303,06/23/2016
51.4572544,-0.9703092999999998,06/25/2016
51.4676088,-0.9051349,06/24/2016
51.4961518,-0.9628314000000001,06/25/2016
51.4659262,-0.9657252000000001,06/27/2016
51.4542645,-0.9781303,06/24/2016
51.4609923,-0.9754862999999999,06/23/2016
51.4542645,-0.9781303,06/22/2016
51.4542645,-0.9781303,06/21/2016
51.45673290000001,-0.9734676999999999,06/22/2016
51.4548128,-0.9330609,06/21/2016
51.46435349999999,-1.0171928,06/21/2016
51.4441181,-0.9651454,06/21/2016
51.4448066,-0.9651782,06/18/2016
51.4678187,-0.9790076,06/21/2016
51.46435349999999,-1.0171928,06/18/2016
51.4449075,-0.9130088,06/17/2016
51.4542645,-0.9781303,06/18/2016
51.4287863,-0.9210596,06/03/2016
51.4527771,-0.9760535,06/18/2016
51.4542645,-0.9781303,06/18/2016
51.4605533,-0.9710267,06/16/2016
51.4706741,-1.038355,06/16/2016
51.4780477,-1.088077,06/15/2016
51.4542645,-0.9781303,06/04/2016
51.4605533,-0.9710267,06/14/2016
51.45673290000001,-0.9734676999999999,06/14/2016
51.4517441,-0.9699732,06/13/2016
51.4519355,-0.9942306,06/12/2016
51.4540766,-0.9594423,06/13/2016
51.4542645,-0.9781303,06/05/2016
51.5050649,-0.8375473,05/10/2016
51.4539172,-0.9103024999999999,06/05/2016
51.46435349999999,-1.0171928,06/03/2016
51.44132880000001,-0.9265116,06/04/2016
51.4576393,-1.010848,06/09/2016
51.4542645,-0.9781303,06/09/2016
51.4697968,-0.9764396,06/09/2016
51.4556441,-0.9693731999999998,06/06/2016
51.4556441,-0.9693731999999998,06/06/2016
51.4483273,-0.9843217999999999,05/23/2016
51.4493339,-0.9568546,06/03/2016
51.5050649,-0.8375473,05/10/2016
51.4542645,-0.9781303,06/02/2016
51.4441181,-0.9651454,05/30/2016
51.45673290000001,-0.9734676999999999,05/31/2016
51.4978378,-0.8759914999999999,05/31/2016
51.4270623,-0.9466600000000001,05/28/2016
51.53882309999999,-1.0923094,05/28/2016
51.4587095,-1.0396953,05/31/2016
51.46435349999999,-1.0171928,05/27/2016
51.4270623,-0.9466600000000001,05/27/2016
51.47326380000001,-0.9747174,05/26/2016
51.4961518,-0.9628314000000001,05/20/2016
51.46218529999999,-1.0428731,05/23/2016
51.46435349999999,-1.0171928,05/21/2016
51.47455979999999,-0.9888195999999998,05/26/2016
51.43970590000001,-0.9353674000000001,05/25/2016
51.4441181,-0.9651454,05/25/2016
51.4519355,-0.9942306,05/23/2016
51.3953971,-0.9036626,05/25/2016
51.4542645,-0.9781303,05/09/2016
51.4587095,-1.0396953,05/24/2016
51.4542645,-0.9781303,05/21/2016
51.53882309999999,-1.0923094,05/21/2016
51.4542645,-0.9781303,05/21/2016
51.44132880000001,-0.9265116,05/20/2016
51.4542645,-0.9781303,05/20/2016
51.4330277,-0.9710816999999999,05/20/2016
51.4411,-0.91797,05/19/2016
51.4479001,-0.9516707,05/18/2016
51.4330822,-1.0751524,05/19/2016
51.4441181,-0.9651454,05/18/2016
51.4753791,-0.9790618999999999,05/18/2016
51.45673290000001,-0.9734676999999999,05/17/2016
51.46435349999999,-1.0171928,05/16/2016
51.4542645,-0.9781303,05/16/2016
51.4517441,-0.9699732,05/16/2016
51.4542645,-0.9781303,04/29/2016
51.5009263,-0.8699992999999999,05/13/2016
51.4542645,-0.9781303,05/14/2016
51.4542645,-0.9781303,05/10/2016
51.4542645,-0.9781303,05/11/2016
51.4539172,-0.9103024999999999,05/11/2016
51.4330822,-1.0751524,05/11/2016
51.4542645,-0.9781303,05/09/2016
51.45816379999999,-0.9721907,05/10/2016
51.4311507,-0.9620623,05/06/2016
51.4542645,-0.9781303,04/24/2016
51.45673290000001,-0.9734676999999999,05/06/2016
51.45601079999999,-0.9757833,05/05/2016
51.4330822,-1.0751524,05/04/2016
51.4473816,-0.9636654000000001,05/04/2016
51.4542645,-0.9781303,04/27/2016
51.45673290000001,-0.9734676999999999,04/30/2016
51.4518502,-0.9676391999999999,05/03/2016
51.4547089,-0.9713976999999999,05/03/2016
51.4545164,-0.9688162,04/28/2016
51.42872,-0.9653216,04/27/2016
51.4276873,-0.9085286,04/28/2016
51.45673290000001,-0.9734676999999999,04/26/2016
51.4676088,-0.9051349,04/26/2016
51.453817,-0.9736811999999998,04/21/2016
51.4544162,-0.9432701,04/22/2016
51.45020479999999,-0.9685170999999999,04/20/2016
51.4573623,-0.9692438999999999,04/20/2016
51.4486509,-0.9685531,04/19/2016
51.4665496,-0.976864,04/20/2016
51.4594086,-0.9731692000000001,04/18/2016
51.4542645,-0.9781303,04/15/2016
51.4540766,-0.9594423,04/14/2016
51.45673290000001,-0.9734676999999999,04/14/2016
51.4572544,-0.9703092999999998,01/27/2016
51.47326380000001,-0.9747174,04/14/2016
51.4548128,-0.9330609,04/13/2016
51.43115599999999,-0.9783890000000001,04/13/2016
51.4542645,-0.9781303,04/12/2016
51.45673290000001,-0.9734676999999999,04/12/2016
51.4542645,-0.9781303,04/12/2016
51.4544162,-0.9432701,04/09/2016
51.44132880000001,-0.9265116,04/09/2016
51.373253,-1.037448,04/09/2016
51.4542645,-0.9781303,04/08/2016
51.4199695,-0.9568880999999999,03/06/2016
51.4542645,-0.9781303,04/04/2016
51.4676088,-0.9051349,04/04/2016
51.4540766,-0.9594423,04/03/2016
51.4540766,-0.9594423,04/01/2016
51.45673290000001,-0.9734676999999999,04/01/2016
51.4600801,-0.9679024,03/30/2016
51.4542645,-0.9781303,03/27/2016
51.4676088,-0.9051349,01/16/2016
51.454603,-0.9745185999999999,03/30/2016
51.4270623,-0.9466600000000001,03/29/2016
51.44798249999999,-0.9569921,03/29/2016
51.46435349999999,-1.0171928,03/27/2016
51.4498274,-0.9579827000000001,03/23/2016
51.4404281,-0.9500315999999999,03/22/2016
51.3822228,-0.8978917,03/21/2016
51.521591,-1.132897,03/20/2016
51.46435349999999,-1.0171928,03/20/2016
51.4542645,-0.9781303,03/20/2016
51.4527967,-0.9587091999999999,03/17/2016
51.1748773,-1.2227796,03/07/2016
51.4663313,-0.9536637000000001,03/18/2016
51.4676088,-0.9051349,03/15/2016
51.4694199,-0.9700147,03/12/2016
51.4233194,-1.0494002,03/11/2016
51.4808545,-0.9459684999999999,03/15/2016
51.4542645,-0.9781303,03/13/2016
51.4587095,-1.0396953,03/11/2016
51.4697968,-0.9764396,03/11/2016
51.4542645,-0.9781303,03/13/2016
51.4542645,-0.9781303,03/05/2016
51.4678187,-0.9790076,03/08/2016
51.45673290000001,-0.9734676999999999,03/08/2016
51.4556441,-0.9693731999999998,03/03/2016
51.4311507,-0.9620623,03/06/2016
51.477899,-0.9712721,03/05/2016
51.4473816,-0.9636654000000001,03/01/2016
51.4554414,-0.9753154,03/01/2016
51.4527967,-0.9587091999999999,02/29/2016
51.4573623,-0.9692438999999999,02/29/2016
51.4191618,-0.9855185000000001,02/26/2016
51.4493339,-0.9568546,02/24/2016
51.46435349999999,-1.0171928,01/27/2016
51.46435349999999,-1.0171928,02/24/2016
51.454603,-0.9745185999999999,02/24/2016
51.4287863,-0.9210596,02/23/2016
51.4540766,-0.9594423,02/23/2016
51.46435349999999,-1.0171928,02/22/2016
51.4556441,-0.9693731999999998,02/22/2016
51.4659262,-0.9657252000000001,02/19/2016
51.45240829999999,-0.9681928000000001,02/19/2016
51.4598672,-0.9686235,02/19/2016
51.45673290000001,-0.9734676999999999,02/17/2016
51.4541984,-0.977675,02/16/2016
51.4580048,-0.9713152999999999,02/16/2016
51.4330822,-1.0751524,02/15/2016
51.43676869999999,-0.9449398999999999,02/16/2016
51.4544162,-0.9432701,02/16/2016
51.4542645,-0.9781303,02/11/2016
51.4542645,-0.9781303,02/13/2016
51.47326380000001,-0.9747174,02/12/2016
51.4542645,-0.9781303,02/13/2016
51.4133717,-0.9664366999999999,02/12/2016
51.4437432,-0.9890513000000001,10/16/2015
51.4542645,-0.9781303,12/15/2015
51.4311507,-0.9620623,12/22/2015
51.4594426,-1.0247958,10/15/2015
51.4372826,-0.9341981,02/11/2016
51.4311507,-0.9620623,02/10/2016
51.4598672,-0.9686235,02/11/2016
51.4542645,-0.9781303,11/22/2015
51.4519355,-0.9942306,02/09/2016
51.4539172,-0.9103024999999999,02/08/2016
51.4574708,-0.9659372,02/08/2016
51.4527771,-0.9760535,02/04/2016
51.4572544,-0.9703092999999998,02/05/2016
51.4542645,-0.9781303,02/04/2016
51.4542645,-0.9781303,02/04/2016
51.4473816,-0.9636654000000001,02/03/2016
51.4519355,-0.9942306,01/25/2016
51.4542645,-0.9781303,02/01/2016
51.4206927,-1.109953,02/03/2016
51.3960857,-1.065089,02/01/2016
51.45746579999999,-0.9866955,01/30/2016
51.4191618,-0.9855185000000001,01/30/2016
51.4330822,-1.0751524,01/30/2016
51.4542645,-0.9781303,01/28/2016
51.4545164,-0.9688162,01/28/2016
51.4542645,-0.9781303,01/28/2016
51.44132880000001,-0.9265116,01/27/2016
51.45601079999999,-0.9757833,01/26/2016
51.4580997,-0.9814436999999998,01/28/2016
51.46435349999999,-1.0171928,01/26/2016
51.37874,-0.9272321,01/26/2016
51.4609923,-0.9754862999999999,01/26/2016
51.5050649,-0.8375473,01/25/2016
51.46435349999999,-1.0171928,01/23/2016
51.4539906,-0.9731618,01/20/2016
51.4542645,-0.9781303,01/22/2016
51.4576189,-0.9117639,01/22/2016
51.45601079999999,-0.9757833,01/21/2016
51.4541984,-0.977675,01/12/2016
51.4542645,-0.9781303,01/24/2016
51.4542645,-0.9781303,01/24/2016
51.3989491,-1.0669352,01/22/2016
51.4611131,-1.0476966,01/21/2016
51.3858209,-0.8935382,01/21/2016
51.4576189,-0.9117639,01/18/2016
51.4542645,-0.9781303,01/16/2016
51.44132880000001,-0.9265116,01/15/2016
51.45601079999999,-0.9757833,01/18/2016
51.4437432,-0.9890513000000001,01/17/2016
51.4542645,-0.9781303,01/14/2016
51.4587576,-0.9736642999999998,01/16/2016
51.44132880000001,-0.9265116,01/15/2016
51.45673290000001,-0.9734676999999999,01/14/2016
51.4556441,-0.9693731999999998,01/13/2016
51.4544162,-0.9432701,01/12/2016
51.45240829999999,-0.9681928000000001,01/13/2016
51.4576189,-0.9117639,01/12/2016
51.4572544,-0.9703092999999998,01/11/2016
51.4906433,-0.9710091999999999,01/12/2016
51.4542645,-0.9781303,01/12/2016
51.4330822,-1.0751524,01/12/2016
51.4542645,-0.9781303,01/11/2016
51.4663103,-0.9583219999999999,01/08/2016
51.4536937,-0.9710859,01/08/2016
51.4322126,-0.9877098,09/22/2015
51.4540766,-0.9594423,01/07/2016
51.5101051,-0.9985246999999999,01/06/2016
51.4576393,-1.010848,01/02/2016
51.372276,-1.03563,01/03/2016
51.4542645,-0.9781303,01/02/2016
51.4317574,-0.9107854000000001,12/31/2015
51.5009263,-0.8699992999999999,12/31/2015
51.4663103,-0.9583219999999999,12/30/2015
51.4542645,-0.9781303,12/28/2015
51.4572544,-0.9703092999999998,12/24/2015
51.4426786,-0.9907379,12/24/2015
51.45240829999999,-0.9681928000000001,12/23/2015
51.4576362,-0.8842129999999999,12/21/2015
51.46435349999999,-1.0171928,12/20/2015
51.4542645,-0.9781303,12/19/2015
51.385206,-0.9076857,12/19/2015
51.454603,-0.9745185999999999,12/18/2015
51.4441181,-0.9651454,12/15/2015
51.4531044,-0.9829137,12/20/2015
51.45673290000001,-0.9734676999999999,12/18/2015
51.4542645,-0.9781303,12/18/2015
51.4525037,-1.0254086,12/17/2015
51.4542645,-0.9781303,12/11/2015
51.44132880000001,-0.9265116,12/16/2015
51.46435349999999,-1.0171928,12/17/2015
51.4330822,-1.0751524,10/06/2015
51.373665,-1.042798,12/16/2015
51.4330822,-1.0751524,12/15/2015
51.442881,-1.005764,12/12/2015
51.4390923,-0.9508217999999999,12/15/2015
51.4542645,-0.9781303,12/15/2015
51.45610929999999,-1.0486927,12/15/2015
51.4116863,-1.0452601,12/13/2015
51.4542645,-0.9781303,12/13/2015
51.4542645,-0.9781303,12/12/2015
51.4542645,-0.9781303,12/14/2015
51.4574708,-0.9659372,11/16/2015
51.4542645,-0.9781303,12/11/2015
51.4542645,-0.9781303,12/10/2015
51.4540766,-0.9594423,11/20/2015
51.4542645,-0.9781303,12/11/2015
51.4330822,-1.0751524,12/10/2015
51.45673290000001,-0.9734676999999999,12/08/2015
51.41758,-0.977526,12/07/2015
51.4676088,-0.9051349,12/06/2015
51.4576189,-0.9117639,12/08/2015
51.41758,-0.977526,12/09/2015
51.4397915,-1.043905,12/03/2015
51.4330822,-1.0751524,12/07/2015
51.4429336,-1.0072548,11/19/2015
51.4542645,-0.9781303,12/03/2015
51.45673290000001,-0.9734676999999999,12/07/2015
51.4594461,-0.9702687999999999,12/06/2015
51.46435349999999,-1.0171928,12/04/2015
51.4694199,-0.9700147,12/04/2015
51.4542645,-0.9781303,12/03/2015
51.4678187,-0.9790076,12/04/2015
51.4555224,-1.0366458,12/01/2015
51.4542645,-0.9781303,12/02/2015
51.4542645,-0.9781303,11/27/2015
51.46435349999999,-1.0171928,11/30/2015
51.4542645,-0.9781303,11/27/2015
51.4559402,-1.0158483,11/30/2015
51.4527967,-0.9587091999999999,11/27/2015
51.4540766,-0.9594423,03/30/2015
51.4330822,-1.0751524,11/30/2015
51.4542645,-0.9781303,11/04/2015
51.4542645,-0.9781303,11/22/2015
51.4270623,-0.9466600000000001,11/23/2015
51.46435349999999,-1.0171928,11/23/2015
51.4542645,-0.9781303,11/22/2015
51.4542645,-0.9781303,11/22/2015
51.44132880000001,-0.9265116,11/19/2015
51.44380200000001,-0.9597307999999999,11/18/2015
51.47326380000001,-0.9747174,11/16/2015
51.4542645,-0.9781303,11/11/2015
51.4540766,-0.9594423,11/17/2015
51.4542645,-0.9781303,11/17/2015
51.4547089,-0.9713976999999999,11/05/2015
51.4415608,-1.0203877,11/16/2015
51.1748773,-1.2227796,11/17/2015
51.46435349999999,-1.0171928,11/17/2015
51.4542645,-0.9781303,11/11/2015
51.4539172,-0.9103024999999999,11/10/2015
51.4605533,-0.9710267,11/10/2015
51.4587576,-0.9736642999999998,11/09/2015
51.4549804,-0.9823337,11/07/2015
51.4676088,-0.9051349,11/04/2015
51.4540766,-0.9594423,11/06/2015
51.4542645,-0.9781303,11/04/2015
51.4372826,-0.9341981,11/04/2015
51.4147608,-0.9665016999999999,11/04/2015
51.4311507,-0.9620623,11/03/2015
51.4542645,-0.9781303,11/02/2015
51.44132880000001,-0.9265116,11/01/2015
51.42247769999999,-0.9836144,10/31/2015
51.4542645,-0.9781303,10/30/2015
51.440146,-1.0230099,10/30/2015
51.4441181,-0.9651454,10/29/2015
51.46435349999999,-1.0171928,10/26/2015
51.4742268,-1.1029341,10/10/2015
51.4742675,-0.9828086,10/28/2015
51.4580997,-0.9814436999999998,10/28/2015
51.4554414,-0.9753154,10/28/2015
51.4440255,-0.9033277,10/28/2015
51.4542645,-0.9781303,10/27/2015
51.43365009999999,-1.0884238,10/22/2015
51.44132880000001,-0.9265116,10/23/2015
51.508814,-0.9771632999999998,10/23/2015
51.442881,-1.005764,10/23/2015
51.4605533,-0.9710267,10/23/2015
51.46435349999999,-1.0171928,10/23/2015
51.4542645,-0.9781303,10/21/2015
51.45673290000001,-0.9734676999999999,10/20/2015
51.4542645,-0.9781303,10/20/2015
51.3822228,-0.8978917,10/17/2015
51.4542645,-0.9781303,10/19/2015
51.4542645,-0.9781303,10/19/2015
51.4542645,-0.9781303,10/19/2015
51.44673479999999,-0.9799180999999999,10/17/2015
51.4659262,-0.9657252000000001,10/15/2015
51.4572544,-0.9703092999999998,10/15/2015
51.4671342,-0.9656724999999999,10/01/2015
51.4287863,-0.9210596,10/14/2015
51.4539172,-0.9103024999999999,10/14/2015
51.4330822,-1.0751524,10/14/2015
51.4574708,-0.9659372,10/13/2015
51.4541984,-0.977675,10/10/2015
51.44380200000001,-0.9597307999999999,10/13/2015
51.45673290000001,-0.9734676999999999,10/13/2015
51.4542645,-0.9781303,10/12/2015
51.4330822,-1.0751524,10/10/2015
51.4530018,-0.8493518,10/10/2015
51.4510051,-0.9908401,10/09/2015
51.3822228,-0.8978917,10/10/2015
51.4544162,-0.9432701,10/08/2015
51.4493339,-0.9568546,10/08/2015
51.3988939,-1.0591279,10/05/2015
51.4594426,-1.0247958,10/01/2015
51.4330822,-1.0751524,10/06/2015
51.46435349999999,-1.0171928,10/06/2015
51.4542645,-0.9781303,10/06/2015
51.4542645,-0.9781303,10/04/2015
51.44380200000001,-0.9597307999999999,10/03/2015
51.4542645,-0.9781303,10/02/2015
51.4542645,-0.9781303,10/04/2015
51.4542645,-0.9781303,09/28/2015
51.468996,-0.9726054,10/23/2014
51.4564764,-0.9771752,10/22/2014
51.45673290000001,-0.9734676999999999,10/21/2014
51.454028,-0.9017687,10/18/2014
51.4496002,-0.9460774999999999,10/17/2014
51.4544162,-0.9432701,10/17/2014
51.45673290000001,-0.9734676999999999,10/16/2014
51.4517441,-0.9699732,10/03/2014
51.46435349999999,-1.0171928,10/13/2014
51.4542645,-0.9781303,10/14/2014
51.4694199,-0.9700147,10/14/2014
51.4609923,-0.9754862999999999,10/13/2014
51.4544162,-0.9432701,10/11/2014
51.46435349999999,-1.0171928,10/09/2014
51.45240829999999,-0.9681928000000001,10/09/2014
51.45728159999999,-1.0205138,10/07/2014
51.4542645,-0.9781303,10/07/2014
51.4594426,-1.0247958,09/27/2014
51.4333967,-0.8744676,10/07/2014
51.4540766,-0.9594423,10/06/2014
51.476798,-0.966547,10/02/2014
51.4287863,-0.9210596,09/29/2014
51.453817,-0.9736811999999998,08/29/2014
51.45673290000001,-0.9734676999999999,09/27/2014
51.45673290000001,-0.9734676999999999,06/20/2015
51.4330822,-1.0751524,09/21/2015
51.3988939,-1.0591279,09/22/2015
51.44132880000001,-0.9265116,09/22/2015
51.4583004,-0.9697533,09/22/2015
51.44132880000001,-0.9265116,09/19/2015
51.4609923,-0.9754862999999999,09/19/2015
51.4311507,-0.9620623,09/21/2015
51.4048156,-1.0573883,09/18/2015
51.532293,-1.073698,09/10/2015
51.4206927,-1.109953,09/03/2015
51.4531739,-1.0183302,09/14/2015
51.4514648,-0.9807508,09/13/2015
51.4542645,-0.9781303,09/14/2015
51.4594086,-0.9731692000000001,07/25/2015
51.4544162,-0.9432701,09/12/2015
51.4542645,-0.9781303,09/07/2015
51.44132880000001,-0.9265116,09/12/2015
51.4270623,-0.9466600000000001,09/09/2015
51.4576189,-0.9117639,09/06/2015
51.1748773,-1.2227796,09/07/2015
51.4330822,-1.0751524,09/07/2015
51.4540766,-0.9594423,09/04/2015
51.4437432,-0.9890513000000001,08/24/2015
51.45610929999999,-1.0486927,08/31/2015
51.4575347,-1.041007,09/03/2015
51.4554414,-0.9753154,08/24/2015
51.4330822,-1.0751524,08/25/2015
51.4330822,-1.0751524,08/24/2015
51.5225012,-1.1341748,08/20/2015
51.4603867,-0.9715534,08/20/2015
51.4270623,-0.9466600000000001,08/13/2015
51.4556441,-0.9693731999999998,07/30/2015
51.4441181,-0.9651454,08/10/2015
51.4542645,-0.9781303,08/08/2015
51.4493339,-0.9568546,08/06/2015
51.4497283,-0.9303498000000001,07/27/2015
51.4542645,-0.9781303,07/11/2014
51.45816379999999,-0.9721907,08/03/2015
51.4542645,-0.9781303,08/04/2015
51.4311507,-0.9620623,07/10/2015
51.4542645,-0.9781303,07/10/2015
51.4694199,-0.9700147,07/30/2015
51.44132880000001,-0.9265116,07/30/2015
51.4573623,-0.9692438999999999,07/22/2015
51.4479001,-0.9516707,07/24/2015
51.4270623,-0.9466600000000001,07/08/2015
51.46435349999999,-1.0171928,07/19/2015
51.4233918,-0.918105,06/12/2015
51.4568964,-0.9682099999999999,07/22/2015
51.4540766,-0.9594423,07/23/2015
51.3650753,-1.0361837,07/16/2015
51.4270623,-0.9466600000000001,07/15/2015
51.4540766,-0.9594423,02/12/2015
51.45020479999999,-0.9685170999999999,07/14/2015
51.4741416,-0.8818440999999999,07/13/2015
51.4572544,-0.9703092999999998,07/10/2015
51.4542645,-0.9781303,07/12/2015
51.4659262,-0.9657252000000001,07/10/2015
51.4542645,-0.9781303,05/28/2015
51.4583708,-0.8889703,03/29/2015
51.4594086,-0.9731692000000001,12/09/2014
51.4665496,-0.976864,10/30/2014
51.4542645,-0.9781303,07/06/2015
51.4576393,-1.010848,06/17/2015
51.43115599999999,-0.9783890000000001,07/10/2015
51.4676088,-0.9051349,07/01/2015
51.4392189,-0.9596571,07/03/2015
51.486749,-0.9608819999999999,06/24/2015
51.4665496,-0.976864,06/30/2015
51.4574708,-0.9659372,06/17/2015
51.4580138,-1.0421541,07/01/2015
51.4417798,-1.0387107,06/26/2015
51.4544162,-0.9432701,06/24/2015
51.46435349999999,-1.0171928,06/25/2015
51.4304205,-0.9708062,06/26/2015
51.45610929999999,-1.0486927,06/24/2015
51.4663313,-0.9536637000000001,06/24/2015
51.4206927,-1.109953,06/23/2015
51.44132880000001,-0.9265116,06/24/2015
51.3823057,-1.1521155,06/19/2015
51.4199695,-0.9568880999999999,06/22/2015
51.4541984,-0.977675,06/18/2015
51.4668971,-0.9594283000000001,06/18/2015
51.4715963,-1.029586,05/29/2015
51.4556441,-0.9693731999999998,06/17/2015
51.4497283,-0.9303498000000001,06/16/2015
51.4544162,-0.9432701,06/06/2015
51.4330822,-1.0751524,06/17/2015
51.44380200000001,-0.9597307999999999,06/11/2015
51.4540766,-0.9594423,06/15/2015
51.4330822,-1.0751524,06/12/2015
51.4158884,-0.962756,06/12/2015
51.4542645,-0.9781303,06/13/2015
51.4519355,-0.9942306,06/05/2015
51.4486509,-0.9685531,06/09/2015
51.419628,-0.959088,04/25/2015
51.4542645,-0.9781303,06/04/2015
51.4541984,-0.977675,05/05/2015
51.4541984,-0.977675,05/30/2015
51.4540766,-0.9594423,09/16/2014
51.4574708,-0.9659372,06/02/2015
51.4541984,-0.977675,06/01/2015
51.4544162,-0.9432701,05/29/2015
51.4659262,-0.9657252000000001,05/30/2015
51.4544162,-0.9432701,05/28/2015
51.4676088,-0.9051349,04/24/2015
51.44132880000001,-0.9265116,05/08/2015
51.4519355,-0.9942306,05/25/2015
51.4323348,-1.021171,05/21/2015
51.4544162,-0.9432701,05/26/2015
51.4580138,-1.0421541,05/22/2015
51.45240829999999,-0.9681928000000001,05/20/2015
51.4496002,-0.9460774999999999,05/22/2015
51.4544162,-0.9432701,05/25/2015
51.4531739,-1.0183302,05/15/2015
51.4541984,-0.977675,05/16/2015
51.46435349999999,-1.0171928,05/12/2015
51.4330822,-1.0751524,05/15/2015
51.45240829999999,-0.9681928000000001,04/25/2015
51.4778736,-0.9866618,02/27/2015
51.45673290000001,-0.9734676999999999,05/12/2015
51.4663313,-0.9536637000000001,05/07/2015
51.4540766,-0.9594423,05/09/2015
51.46435349999999,-1.0171928,05/07/2015
51.4678187,-0.9790076,05/08/2015
51.4498717,-1.0596668,05/01/2015
51.4598672,-0.9686235,05/05/2015
51.4448066,-0.9651782,05/06/2015
51.45240829999999,-0.9681928000000001,04/30/2015
51.4441181,-0.9651454,05/05/2015
51.4514648,-0.9807508,04/28/2015
51.4738342,-1.04969,04/23/2015
51.4517441,-0.9699732,04/23/2015
51.4311507,-0.9620623,04/25/2015
51.4594086,-0.9731692000000001,04/22/2015
51.4330822,-1.0751524,04/20/2015
51.4572544,-0.9703092999999998,04/21/2015
51.4572544,-0.9703092999999998,04/21/2015
51.4311507,-0.9620623,04/17/2015
51.46435349999999,-1.0171928,04/15/2015
51.4539906,-0.9731618,04/17/2015
51.4576362,-0.8842129999999999,04/11/2015
51.4542645,-0.9781303,10/24/2014
51.4542645,-0.9781303,01/13/2015
51.4473816,-0.9636654000000001,03/07/2014
51.454603,-0.9745185999999999,12/27/2014
51.4542645,-0.9781303,04/07/2015
51.4545164,-0.9688162,04/02/2015
51.4497283,-0.9303498000000001,04/07/2015
51.45816379999999,-0.9721907,04/06/2015
51.3953971,-0.9036626,03/27/2015
51.4542645,-0.9781303,03/24/2015
51.45673290000001,-0.9734676999999999,03/26/2015
51.4206927,-1.109953,03/24/2015
51.4544162,-0.9432701,03/23/2015
51.4540766,-0.9594423,03/24/2015
51.4441181,-0.9651454,03/20/2015
51.454603,-0.9745185999999999,02/19/2015
51.4665496,-0.976864,03/27/2014
51.4270623,-0.9466600000000001,03/13/2015
51.4392189,-0.9596571,03/16/2015
51.4199695,-0.9568880999999999,03/11/2015
51.4547089,-0.9713976999999999,03/17/2015
51.4542645,-0.9781303,03/02/2015
51.4676088,-0.9051349,03/05/2015
51.453817,-0.9736811999999998,11/03/2014
51.46435349999999,-1.0171928,11/04/2014
51.4544162,-0.9432701,03/07/2015
51.4548128,-0.9330609,03/10/2015
51.4547089,-0.9713976999999999,03/07/2015
51.4496002,-0.9460774999999999,03/06/2015
51.44673479999999,-0.9799180999999999,03/05/2015
51.46435349999999,-1.0171928,03/09/2015
51.4540766,-0.9594423,02/28/2015
51.3778364,-1.0686693,12/08/2014
51.452501,-0.9645823999999998,02/24/2015
51.4473816,-0.9636654000000001,02/09/2015
51.53882309999999,-1.0923094,02/21/2015
51.4493339,-0.9568546,02/19/2015
51.4493339,-0.9568546,02/18/2015
51.4609923,-0.9754862999999999,02/17/2015
51.45601079999999,-0.9757833,02/16/2015
51.3460709,-1.0317868,02/16/2015
51.47326380000001,-0.9747174,02/14/2015
51.4564764,-0.9771752,02/06/2015
51.474329,-0.9443328,02/14/2015
51.4287863,-0.9210596,02/13/2015
51.4556441,-0.9693731999999998,02/11/2015
51.4540766,-0.9594423,02/10/2015
51.4441181,-0.9651454,02/08/2015
51.4458877,-0.8912766,02/07/2015
51.4540766,-0.9594423,01/23/2015
51.4665496,-0.976864,02/04/2015
51.4404281,-0.9500315999999999,02/03/2015
51.4609923,-0.9754862999999999,02/04/2015
51.4330822,-1.0751524,02/02/2015
51.45160000000001,-1.0471,02/02/2015
51.4542645,-0.9781303,01/26/2015
51.4048537,-0.9382391,01/29/2015
51.45816379999999,-0.9721907,01/26/2015
51.4545164,-0.9688162,01/24/2015
51.4311507,-0.9620623,01/19/2015
51.4496002,-0.9460774999999999,01/21/2015
51.4659262,-0.9657252000000001,01/19/2015
51.4496002,-0.9460774999999999,01/20/2015
51.46435349999999,-1.0171928,01/18/2015
51.4676088,-0.9051349,01/19/2015
51.454603,-0.9745185999999999,01/19/2015
51.44132880000001,-0.9265116,01/14/2015
51.4542645,-0.9781303,01/15/2015
51.4542645,-0.9781303,01/14/2015
51.45240829999999,-0.9681928000000001,01/09/2015
51.46435349999999,-1.0171928,01/12/2015
51.4546048,-1.0416773,01/09/2015
51.4556441,-0.9693731999999998,01/12/2015
51.454603,-0.9745185999999999,01/12/2015
51.4479001,-0.9516707,01/12/2015
51.46435349999999,-1.0171928,01/11/2015
51.43676869999999,-0.9449398999999999,12/12/2014
51.46435349999999,-1.0171928,01/07/2015
51.4722473,-1.0549876,01/06/2015
51.47326380000001,-0.9747174,01/09/2015
51.4542645,-0.9781303,01/05/2015
51.4376212,-0.9597239999999999,12/16/2014
51.4542645,-0.9781303,01/03/2015
51.45816379999999,-0.9721907,01/05/2015
51.44132880000001,-0.9265116,01/04/2015
51.4479001,-0.9516707,12/31/2014
51.4412151,-1.0260804,12/31/2014
51.46435349999999,-1.0171928,12/29/2014
51.5108392,-0.8904205,12/28/2014
51.37487059999999,-1.0651909,11/20/2014
51.4542645,-0.9781303,12/28/2014
51.4441181,-0.9651454,12/23/2014
51.45673290000001,-0.9734676999999999,12/24/2014
51.46435349999999,-1.0171928,12/27/2014
51.4540766,-0.9594423,12/23/2014
51.4542645,-0.9781303,12/18/2014
51.4270623,-0.9466600000000001,12/20/2014
51.45673290000001,-0.9734676999999999,12/12/2014
51.4542645,-0.9781303,12/19/2014
51.45673290000001,-0.9734676999999999,12/19/2014
51.46435349999999,-1.0171928,12/17/2014
51.4525037,-1.0254086,12/15/2014
51.4609923,-0.9754862999999999,12/15/2014
51.4542645,-0.9781303,12/13/2014
51.4441181,-0.9651454,12/12/2014
51.46435349999999,-1.0171928,12/13/2014
51.4330822,-1.0751524,12/11/2014
51.43115599999999,-0.9783890000000001,12/10/2014
51.47326380000001,-0.9747174,12/09/2014
51.4441181,-0.9651454,12/10/2014
51.44132880000001,-0.9265116,12/08/2014
51.4527967,-0.9587091999999999,12/11/2014
51.4803687,-1.0431444,12/04/2014
51.46435349999999,-1.0171928,12/02/2014
51.4542645,-0.9781303,11/28/2014
51.4486509,-0.9685531,12/03/2014
51.4498717,-1.0596668,12/04/2014
51.45673290000001,-0.9734676999999999,12/06/2014
51.4409978,-1.04591,12/01/2014
51.4676088,-0.9051349,12/02/2014
51.4541984,-0.977675,10/16/2014
51.46435349999999,-1.0171928,12/01/2014
51.4542645,-0.9781303,11/28/2014
51.4415608,-1.0203877,11/29/2014
51.4289683,-0.9258545999999999,11/28/2014
51.4270623,-0.9466600000000001,11/26/2014
51.4542645,-0.9781303,11/05/2014
51.44673479999999,-0.9799180999999999,11/23/2014
51.4539172,-0.9103024999999999,11/20/2014
51.4542645,-0.9781303,11/03/2014
51.4595103,-1.0482847,11/19/2014
51.4603867,-0.9715534,11/17/2014
51.4441181,-0.9651454,11/17/2014
51.4663313,-0.9536637000000001,11/12/2014
51.45673290000001,-0.9734676999999999,06/16/2014
51.4587095,-1.0396953,11/12/2014
51.4479001,-0.9516707,11/14/2014
51.44910369999999,-0.9714122,10/31/2014
51.4496002,-0.9460774999999999,11/13/2014
51.47326380000001,-0.9747174,11/12/2014
51.4542645,-0.9781303,11/10/2014
51.4542645,-0.9781303,11/07/2014
51.4544162,-0.9432701,11/13/2014
51.4676088,-0.9051349,11/12/2014
51.39995800000001,-0.9187289999999999,11/11/2014
51.4665496,-0.976864,11/06/2014
51.3823057,-1.1521155,11/06/2014
51.4493339,-0.9568546,11/04/2014
51.4330822,-1.0751524,11/01/2014
51.45673290000001,-0.9734676999999999,11/06/2014
51.4330822,-1.0751524,11/05/2014
51.4330822,-1.0751524,11/04/2014
51.4479001,-0.9516707,11/03/2014
51.46435349999999,-1.0171928,10/25/2014
51.4540766,-0.9594423,10/25/2014
51.45673290000001,-0.9734676999999999,10/27/2014
51.4694199,-0.9700147,10/24/2014
51.4554266,-1.0591883,10/15/2014
51.46435349999999,-1.0171928,09/17/2014
51.4722473,-1.0549876,10/24/2014
51.4542645,-0.9781303,09/09/2015
51.4706741,-1.038355,11/11/2015
51.4542645,-0.9781303,12/03/2014
51.4580997,-0.9814436999999998,09/28/2015
51.4435515,-0.9721639999999999,03/31/2015
51.4542645,-0.9781303,02/25/2014
51.4330822,-1.0751524,08/25/2015
51.4330822,-1.0751524,08/17/2015
51.4448066,-0.9651782,07/16/2015
51.4553297,-0.9758918999999999,07/24/2015
51.46435349999999,-1.0171928,09/23/2015
51.4542645,-0.9781303,09/22/2015
51.4594426,-1.0247958,08/23/2015
51.3650753,-1.0361837,08/24/2015
51.4688232,-0.9774427,09/07/2015
51.4580997,-0.9814436999999998,08/29/2015
51.4493339,-0.9568546,09/29/2015
51.4404281,-0.9500315999999999,09/28/2015
51.4554414,-0.9753154,09/26/2015
51.4806715,-1.0628623,09/28/2015
51.4544162,-0.9432701,09/25/2015
51.4542645,-0.9781303,09/27/2015
51.46435349999999,-1.0171928,09/25/2015
51.437895,-1.0740445,09/24/2015
51.4609923,-0.9754862999999999,09/27/2015
51.437895,-1.0740445,09/23/2015
51.4572544,-0.9703092999999998,09/22/2014
51.4287863,-0.9210596,09/25/2014
51.46435349999999,-1.0171928,09/25/2014
51.4147608,-0.9665016999999999,09/21/2014
51.45673290000001,-0.9734676999999999,09/19/2014
51.46435349999999,-1.0171928,09/18/2014
51.45240829999999,-0.9681928000000001,09/16/2014
51.4542645,-0.9781303,07/22/2014
51.4531044,-0.9829137,09/04/2014
51.4419706,-0.9509547,09/15/2014
51.44750450000001,-0.9828070999999998,09/12/2014
51.45240829999999,-0.9681928000000001,09/12/2014
51.4542645,-0.9781303,11/28/2013
51.4287863,-0.9210596,09/12/2014
51.4525037,-1.0254086,09/06/2014
51.4543233,-1.0443724,09/10/2014
51.45673290000001,-0.9734676999999999,09/05/2014
51.4676088,-0.9051349,09/04/2014
51.4522685,-1.053657,09/03/2014
51.4547089,-0.9713976999999999,09/03/2014
51.4609923,-0.9754862999999999,08/23/2014
51.4441181,-0.9651454,09/03/2014
51.4438437,-0.9887233999999998,09/01/2014
51.4961518,-0.9628314000000001,08/29/2014
51.4676088,-0.9051349,08/29/2014
51.4542645,-0.9781303,08/19/2014
51.46435349999999,-1.0171928,08/26/2014
51.44132880000001,-0.9265116,08/23/2014
51.4609923,-0.9754862999999999,08/21/2014
51.4486509,-0.9685531,08/21/2014
51.45673290000001,-0.9734676999999999,08/16/2014
51.4468826,-0.9825009,08/21/2014
51.44673479999999,-0.9799180999999999,08/20/2014
51.46435349999999,-1.0171928,08/18/2014
51.4486509,-0.9685531,08/14/2014
51.4248524,-0.9622434999999999,08/14/2014
51.4542645,-0.9781303,08/06/2014
51.45897189999999,-0.8997183,08/13/2014
51.4605533,-0.9710267,08/12/2014
51.43115599999999,-0.9783890000000001,08/12/2014
51.4540766,-0.9594423,08/12/2014
51.4540766,-0.9594423,08/08/2014
51.4519355,-0.9942306,08/11/2014
51.481722,-1.0412348,08/11/2014
51.46435349999999,-1.0171928,08/07/2014
51.51000000000001,-0.8451516,08/06/2014
51.4542645,-0.9781303,07/28/2014
51.4440255,-0.9033277,08/02/2014
51.46435349999999,-1.0171928,08/04/2014
51.44132880000001,-0.9265116,08/02/2014
51.4542645,-0.9781303,07/28/2014
51.4415608,-1.0203877,07/24/2014
51.4574708,-0.9659372,07/24/2014
51.4540766,-0.9594423,07/21/2014
51.4486509,-0.9685531,07/22/2014
51.46435349999999,-1.0171928,07/17/2014
51.4542645,-0.9781303,07/14/2014
51.4554414,-0.9753154,07/16/2014
51.4605533,-0.9710267,07/10/2014
51.4694199,-0.9700147,07/11/2014
51.4580997,-0.9814436999999998,07/05/2014
51.45816379999999,-0.9721907,07/04/2014
51.4559402,-1.0158483,07/07/2014
51.4605533,-0.9710267,07/04/2014
51.4542645,-0.9781303,07/08/2014
51.4572544,-0.9703092999999998,07/03/2014
51.4486509,-0.9685531,04/11/2014
51.1748773,-1.2227796,07/02/2014
51.4424085,-0.9331326999999999,06/03/2014
51.4370583,-0.9727901000000001,06/24/2014
51.4542645,-0.9781303,07/03/2014
51.454603,-0.9745185999999999,06/29/2014
51.4540866,-0.9813326999999998,05/13/2014
51.46435349999999,-1.0171928,06/30/2014
51.4540766,-0.9594423,06/25/2014
51.4542645,-0.9781303,06/30/2014
51.45240829999999,-0.9681928000000001,06/26/2014
51.4961518,-0.9628314000000001,06/28/2014
51.46435349999999,-1.0171928,06/27/2014
51.4493339,-0.9568546,06/20/2014
51.476798,-0.966547,06/23/2014
51.4961518,-0.9628314000000001,06/20/2014
51.46435349999999,-1.0171928,06/19/2014
51.4542645,-0.9781303,06/19/2014
51.45673290000001,-0.9734676999999999,06/17/2014
51.4541984,-0.977675,06/16/2014
51.4564764,-0.9771752,06/02/2014
51.4415608,-1.0203877,06/14/2014
51.4549966,-0.9692775999999999,06/15/2014
51.4653004,-1.0323469,06/14/2014
51.4527771,-0.9760535,06/12/2014
51.45816379999999,-0.9721907,06/11/2014
51.4540766,-0.9594423,06/11/2014
51.4439181,-0.9082819999999999,06/06/2014
51.44750450000001,-0.9828070999999998,05/02/2014
51.4384105,-0.9596545999999999,05/28/2014
51.43771390000001,-0.95228,05/31/2014
51.4441181,-0.9651454,05/31/2014
51.4564764,-0.9771752,05/31/2014
51.4541984,-0.977675,05/30/2014
51.45673290000001,-0.9734676999999999,04/11/2014
51.508814,-0.9771632999999998,05/29/2014
51.4741416,-0.8818440999999999,05/22/2014
51.4479001,-0.9516707,05/22/2014
51.4542645,-0.9781303,05/18/2014
51.4473816,-0.9636654000000001,05/20/2014
51.4573623,-0.9692438999999999,04/29/2014
51.4545284,-0.9678557,04/25/2014
51.453817,-0.9736811999999998,05/13/2014
51.46435349999999,-1.0171928,05/14/2014
51.4415608,-1.0203877,04/26/2014
51.44132880000001,-0.9265116,05/07/2014
51.45240829999999,-0.9681928000000001,05/10/2014
51.46435349999999,-1.0171928,05/10/2014
51.46435349999999,-1.0171928,05/09/2014
51.4663313,-0.9536637000000001,05/09/2014
51.4497283,-0.9303498000000001,05/13/2014
51.4527967,-0.9587091999999999,05/10/2014
51.4550761,-0.9689523000000001,05/03/2014
51.4311507,-0.9620623,05/02/2014
51.4807514,-1.0581398,05/06/2014
51.4441181,-0.9651454,05/03/2014
51.4813419,-0.9877888,03/05/2014
51.4544162,-0.9432701,05/01/2014
51.43533,-0.9189432,05/01/2014
51.4587095,-1.0396953,04/25/2014
51.4542645,-0.9781303,04/22/2014
51.453817,-0.9736811999999998,04/23/2014
51.4545164,-0.9688162,03/31/2014
51.4605533,-0.9710267,04/17/2014
51.44380200000001,-0.9597307999999999,04/14/2014
51.4542645,-0.9781303,04/12/2014
51.453817,-0.9736811999999998,04/12/2014
51.4686136,-0.9716142,04/07/2014
51.4543723,-0.8914367999999999,03/24/2014
51.4531739,-1.0183302,04/02/2014
51.5149869,-0.9939308,04/02/2014
51.4572544,-0.9703092999999998,03/27/2014
51.45673290000001,-0.9734676999999999,03/03/2014
51.45673290000001,-0.9734676999999999,03/21/2014
51.4448066,-0.9651782,03/21/2014
51.4437432,-0.9890513000000001,03/04/2014
51.4496002,-0.9460774999999999,03/18/2014
51.4572544,-0.9703092999999998,03/17/2014
51.1748773,-1.2227796,02/24/2014
51.4404036,-0.9010186000000001,03/11/2014
51.46435349999999,-1.0171928,03/08/2014
51.4580997,-0.9814436999999998,03/05/2014
51.453817,-0.9736811999999998,03/04/2014
51.4416555,-0.9093167000000001,03/05/2014
51.1748773,-1.2227796,02/27/2014
51.4542645,-0.9781303,02/28/2014
51.4531739,-1.0183302,02/28/2014
51.47326380000001,-0.9747174,02/24/2014
51.41767189999999,-0.9575746999999999,02/03/2014
51.46435349999999,-1.0171928,02/23/2014
51.508814,-0.9771632999999998,02/22/2014
51.4539172,-0.9103024999999999,02/20/2014
51.4605533,-0.9710267,02/08/2014
51.4605533,-0.9710267,02/19/2014
51.4270623,-0.9466600000000001,02/19/2014
51.4544162,-0.9432701,01/29/2014
51.45673290000001,-0.9734676999999999,02/12/2014
51.4542645,-0.9781303,02/11/2014
51.4542645,-0.9781303,01/31/2014
51.4605533,-0.9710267,01/31/2014
51.4490436,-0.8960292999999998,01/30/2014
51.4441181,-0.9651454,01/29/2014
51.4697968,-0.9764396,01/29/2014
51.4330822,-1.0751524,12/13/2013
51.4493339,-0.9568546,01/24/2014
51.4014201,-1.0644216,01/23/2014
51.4542645,-0.9781303,01/25/2014
51.4665496,-0.976864,12/11/2013
51.4564032,-0.9836754999999998,01/23/2014
51.4542645,-0.9781303,01/17/2014
51.4594426,-1.0247958,01/20/2014
51.4540766,-0.9594423,01/20/2014
51.4448066,-0.9651782,01/17/2014
51.454603,-0.9745185999999999,01/17/2014
51.4544162,-0.9432701,01/18/2014
51.44132880000001,-0.9265116,01/17/2014
51.4542645,-0.9781303,12/23/2013
51.4542645,-0.9781303,01/14/2014
51.4541984,-0.977675,01/16/2014
51.46435349999999,-1.0171928,01/13/2014
51.4594426,-1.0247958,01/16/2014
51.4330822,-1.0751524,12/17/2013
51.46435349999999,-1.0171928,01/14/2014
51.42379829999999,-0.9878819999999998,01/07/2014
51.4542645,-0.9781303,01/06/2014
51.44132880000001,-0.9265116,01/02/2014
51.4426534,-0.9885335000000001,12/31/2013
51.45240829999999,-0.9681928000000001,12/20/2013
51.45601079999999,-0.9757833,12/23/2013
51.45673290000001,-0.9734676999999999,12/23/2013
51.4486509,-0.9685531,12/23/2013
51.4609923,-0.9754862999999999,12/18/2013
51.4525037,-1.0254086,12/20/2013
51.4542645,-0.9781303,06/27/2013
51.4572544,-0.9703092999999998,12/18/2013
51.46435349999999,-1.0171928,12/17/2013
51.4541984,-0.977675,12/17/2013
51.373253,-1.037448,12/13/2013
51.3988939,-1.0591279,12/12/2013
51.45673290000001,-0.9734676999999999,12/16/2013
51.4542645,-0.9781303,12/10/2013
51.4270623,-0.9466600000000001,12/15/2013
51.45816379999999,-0.9721907,12/13/2013
51.4531739,-1.0183302,12/10/2013
51.4540766,-0.9594423,12/11/2013
51.4540766,-0.9594423,12/04/2013
51.4676088,-0.9051349,12/02/2013
51.4542645,-0.9781303,12/02/2013
51.45673290000001,-0.9734676999999999,11/28/2013
51.46435349999999,-1.0171928,11/29/2013
51.1748773,-1.2227796,11/29/2013
51.4542645,-0.9781303,11/29/2013
51.44673479999999,-0.9799180999999999,12/01/2013
51.4722473,-1.0549876,11/28/2013
51.4519355,-0.9942306,11/26/2013
51.4540766,-0.9594423,11/22/2013
51.4542645,-0.9781303,11/22/2013
51.4544162,-0.9432701,11/20/2013
51.4544162,-0.9432701,11/20/2013
51.4540766,-0.9594423,11/18/2013
51.4554414,-0.9753154,11/03/2013
51.45610929999999,-1.0486927,11/16/2013
51.4458877,-0.8912766,11/15/2013
51.46435349999999,-1.0171928,11/14/2013
51.4594426,-1.0247958,11/15/2013
51.4653004,-1.0323469,11/15/2013
51.4436243,-0.9616467000000001,11/08/2013
51.4594426,-1.0247958,11/12/2013
51.4437432,-0.9890513000000001,11/12/2013
51.4605533,-0.9710267,11/07/2013
51.4542645,-0.9781303,11/07/2013
51.45673290000001,-0.9734676999999999,11/10/2013
51.4441181,-0.9651454,11/06/2013
51.45240829999999,-0.9681928000000001,11/08/2013
51.4486509,-0.9685531,10/25/2013
51.4544162,-0.9432701,11/04/2013
51.4330822,-1.0751524,10/31/2013
51.440849,-0.947873,10/30/2013
51.44132880000001,-0.9265116,10/30/2013
51.4531044,-0.9829137,10/30/2013
51.4564764,-0.9771752,10/30/2013
51.453817,-0.9736811999999998,10/29/2013
51.4608788,-0.9996588,10/26/2013
51.4544162,-0.9432701,10/26/2013
51.4542645,-0.9781303,10/27/2013
51.4438437,-0.9887233999999998,10/26/2013
51.44132880000001,-0.9265116,10/25/2013
51.4527771,-0.9760535,10/22/2013
51.4611131,-1.0476966,10/23/2013
51.4544162,-0.9432701,10/23/2013
51.37832,-1.1969451,10/14/2013
51.4516523,-0.902918,10/23/2013
51.46435349999999,-1.0171928,10/22/2013
51.4544162,-0.9432701,10/21/2013
51.4270623,-0.9466600000000001,10/22/2013
51.45240829999999,-0.9681928000000001,10/14/2013
51.4287863,-0.9210596,10/13/2013
51.4213992,-0.9340951999999999,10/15/2013
51.4377668,-0.9003781999999999,10/15/2013
51.45673290000001,-0.9734676999999999,10/14/2013
51.44673479999999,-0.9799180999999999,10/08/2013
51.4611131,-1.0476966,10/10/2013
51.4796936,-0.9650588999999998,10/09/2013
51.4676088,-0.9051349,10/04/2013
51.4572544,-0.9703092999999998,10/08/2013
51.47326380000001,-0.9747174,10/04/2013
51.4330822,-1.0751524,10/04/2013
51.3953971,-0.9036626,10/04/2013
51.4542645,-0.9781303,10/01/2013
51.4276873,-0.9085286,08/31/2013
51.4559236,-1.0275996,10/01/2013
51.4199695,-0.9568880999999999,09/28/2013
51.1748773,-1.2227796,09/27/2013
51.4741416,-0.8818440999999999,08/20/2013
51.4147608,-0.9665016999999999,09/28/2013
51.4542645,-0.9781303,09/22/2013
51.4330822,-1.0751524,09/23/2013
51.46435349999999,-1.0171928,09/18/2013
51.45315489999999,-0.9614811999999999,09/17/2013
51.4594426,-1.0247958,09/19/2013
51.4473816,-0.9636654000000001,09/18/2013
51.4540766,-0.9594423,09/18/2013
51.4574708,-0.9659372,09/14/2013
51.44132880000001,-0.9265116,09/14/2013
51.4048156,-1.0573883,09/11/2013
51.4493339,-0.9568546,09/10/2013
51.4542645,-0.9781303,09/05/2013
51.4199695,-0.9568880999999999,09/09/2013
51.4547089,-0.9713976999999999,07/29/2013
51.4609923,-0.9754862999999999,09/08/2013
51.4676088,-0.9051349,09/04/2013
51.4542645,-0.9781303,09/05/2013
51.4270623,-0.9466600000000001,09/02/2013
51.442881,-1.005764,08/30/2013
51.4706741,-1.038355,09/02/2013
51.4805,-0.9573999999999998,08/30/2013
51.4961518,-0.9628314000000001,08/28/2013
51.4594426,-1.0247958,08/19/2013
51.4605533,-0.9710267,08/26/2013
51.476798,-0.966547,08/24/2013
51.4542645,-0.9781303,08/19/2013
51.4542645,-0.9781303,08/20/2013
51.3953971,-0.9036626,08/20/2013
51.4541984,-0.977675,08/16/2013
51.45240829999999,-0.9681928000000001,08/15/2013
51.45673290000001,-0.9734676999999999,08/06/2013
51.45673290000001,-0.9734676999999999,08/14/2013
51.43533,-0.9189432,08/14/2013
51.454603,-0.9745185999999999,08/12/2013
51.4825137,-0.9687148000000001,08/11/2013
51.4676088,-0.9051349,08/08/2013
51.45673290000001,-0.9734676999999999,08/07/2013
51.4544162,-0.9432701,08/03/2013
51.46435349999999,-1.0171928,07/28/2013
51.4605533,-0.9710267,08/01/2013
51.4304205,-0.9708062,07/31/2013
51.5061495,-1.0148457,08/01/2013
51.4686136,-0.9716142,07/29/2013
51.4441181,-0.9651454,07/29/2013
51.4555224,-1.0366458,07/27/2013
51.4437432,-0.9890513000000001,07/26/2013
51.4525037,-1.0254086,07/20/2013
51.44132880000001,-0.9265116,07/19/2013
51.4961518,-0.9628314000000001,07/16/2013
51.4441181,-0.9651454,07/15/2013
51.4486509,-0.9685531,07/12/2013
51.4384105,-0.9596545999999999,07/11/2013
51.4605533,-0.9710267,07/10/2013
51.4384105,-0.9596545999999999,07/06/2013
51.4542645,-0.9781303,07/03/2013
51.44673479999999,-0.9799180999999999,07/04/2013
51.43676869999999,-0.9449398999999999,07/01/2013
51.4542645,-0.9781303,12/06/2012
51.4469631,-0.9606847000000001,06/24/2013
51.4542645,-0.9781303,06/28/2012
51.45673290000001,-0.9734676999999999,06/29/2013
51.44132880000001,-0.9265116,06/20/2013
51.4002296,-1.0540501,06/23/2013
51.4542645,-0.9781303,06/19/2013
51.4668971,-0.9594283000000001,06/20/2013
51.4473816,-0.9636654000000001,06/17/2013
51.4799067,-0.9685154999999999,06/15/2013
51.45673290000001,-0.9734676999999999,06/13/2013
51.454603,-0.9745185999999999,12/22/2012
51.4392189,-0.9596571,06/11/2013
51.46435349999999,-1.0171928,06/08/2013
51.4488589,-0.9244441999999999,06/08/2013
51.4594426,-1.0247958,06/07/2013
51.4542645,-0.9781303,06/06/2013
51.4270623,-0.9466600000000001,06/07/2013
51.4384105,-0.9596545999999999,06/05/2013
51.4542645,-0.9781303,06/04/2013
51.45372260000001,-0.9293688999999999,06/05/2013
51.4544162,-0.9432701,05/15/2013
51.4514648,-0.9807508,06/02/2013
51.4542645,-0.9781303,06/01/2013
51.453817,-0.9736811999999998,05/30/2013
51.45601079999999,-0.9757833,05/30/2013
51.4669207,-0.9621162,04/29/2013
51.45240829999999,-0.9681928000000001,05/30/2013
51.45601079999999,-0.9757833,05/30/2013
51.43533,-0.9189432,05/30/2013
51.45816379999999,-0.9721907,05/29/2013
51.4539906,-0.9731618,05/29/2013
51.4431518,-0.9633913000000001,05/28/2013
51.4542645,-0.9781303,04/20/2013
51.44132880000001,-0.9265116,05/28/2013
51.45673290000001,-0.9734676999999999,05/23/2013
51.4575516,-0.9757998,05/21/2013
51.4471769,-0.9140324999999998,05/11/2013
51.45673290000001,-0.9734676999999999,04/19/2013
51.4540766,-0.9594423,05/20/2013
51.46435349999999,-1.0171928,05/19/2013
51.4270623,-0.9466600000000001,05/17/2013
51.46435349999999,-1.0171928,05/19/2013
51.45610929999999,-1.0486927,05/19/2013
51.4574708,-0.9659372,04/30/2013
51.4384105,-0.9596545999999999,05/16/2013
51.469397,-0.9675423000000001,05/14/2013
51.4270623,-0.9466600000000001,05/12/2013
51.4330822,-1.0751524,05/07/2013
51.4556441,-0.9693731999999998,05/04/2013
51.46435349999999,-1.0171928,05/04/2013
51.4311507,-0.9620623,05/01/2013
51.4542645,-0.9781303,04/27/2013
51.45240829999999,-0.9681928000000001,04/23/2013
51.46435349999999,-1.0171928,04/25/2013
51.4441181,-0.9651454,04/19/2013
51.4715963,-1.029586,04/17/2013
51.4441181,-0.9651454,04/16/2013
51.4527771,-0.9760535,04/15/2013
51.4542645,-0.9781303,04/12/2013
51.4206927,-1.109953,04/12/2013
51.4542645,-0.9781303,04/07/2013
51.4555224,-1.0366458,04/04/2013
51.4542645,-0.9781303,04/08/2013
51.4158884,-0.962756,04/05/2013
51.4330822,-1.0751524,04/06/2013
51.4832392,-0.9623563,04/02/2013
51.4659262,-0.9657252000000001,04/03/2013
51.4542645,-0.9781303,03/26/2013
51.45673290000001,-0.9734676999999999,03/30/2013
51.4542645,-0.9781303,03/26/2013
51.4544162,-0.9432701,03/31/2013
51.4501089,-1.0510449,03/28/2013
51.47326380000001,-0.9747174,03/27/2013
51.454603,-0.9745185999999999,03/26/2013
51.45673290000001,-0.9734676999999999,03/25/2013
51.4392189,-0.9596571,03/22/2013
51.39867839999999,-1.0568791,03/21/2013
51.453857,-1.059832,03/21/2013
51.46435349999999,-1.0171928,03/21/2013
51.4485223,-0.9044867000000001,03/18/2013
51.4473816,-0.9636654000000001,03/19/2013
51.4384105,-0.9596545999999999,03/19/2013
51.46435349999999,-1.0171928,03/18/2013
51.4441181,-0.9651454,03/17/2013
51.4311507,-0.9620623,03/14/2013
51.4678187,-0.9790076,03/13/2013
51.4810027,-0.9679737,03/08/2013
51.4696128,-0.9593809,03/07/2013
51.4441181,-0.9651454,03/07/2013
51.4797941,-0.9521691000000001,03/04/2013
51.4539172,-0.9103024999999999,03/05/2013
51.46435349999999,-1.0171928,02/26/2013
51.47326380000001,-0.9747174,02/26/2013
51.4542645,-0.9781303,02/25/2013
51.4574708,-0.9659372,02/20/2013
51.4533651,-1.0460227,02/19/2013
51.4486509,-0.9685531,02/13/2013
51.4448066,-0.9651782,02/14/2013
51.4415608,-1.0203877,02/14/2013
51.4270623,-0.9466600000000001,02/13/2013
51.4542645,-0.9781303,02/09/2013
51.4540766,-0.9594423,02/12/2013
51.4311507,-0.9620623,02/09/2013
51.4384105,-0.9596545999999999,02/09/2013
51.4437432,-0.9890513000000001,02/09/2013
51.4199695,-0.9568880999999999,02/07/2013
51.4473816,-0.9636654000000001,02/05/2013
51.472494,-0.9840815,02/06/2013
51.5089339,-0.9478734999999999,02/05/2013
51.454603,-0.9745185999999999,01/30/2013
51.45601079999999,-0.9757833,02/01/2013
51.4199695,-0.9568880999999999,02/02/2013
51.4330822,-1.0751524,02/02/2013
51.45601079999999,-0.9757833,01/30/2013
51.4542645,-0.9781303,01/29/2013
51.434363,-0.9044568,01/25/2013
51.4825137,-0.9687148000000001,01/24/2013
51.45601079999999,-0.9757833,01/23/2013
51.4676088,-0.9051349,01/22/2013
51.4778826,-1.0898296,01/18/2013
51.4594426,-1.0247958,01/20/2013
51.4396754,-1.0509565,01/20/2013
51.4376212,-0.9597239999999999,01/18/2013
51.4634301,-1.045589,01/18/2013
51.4486509,-0.9685531,01/18/2013
51.4574708,-0.9659372,01/14/2013
51.46435349999999,-1.0171928,01/11/2013
51.4573623,-0.9692438999999999,01/15/2013
51.4663313,-0.9536637000000001,01/14/2013
51.4542645,-0.9781303,01/07/2013
51.4437432,-0.9890513000000001,12/22/2012
51.4808545,-0.9459684999999999,01/09/2013
51.4486509,-0.9685531,01/04/2013
51.477899,-0.9712721,01/05/2013
51.4199695,-0.9568880999999999,12/28/2012
51.454603,-0.9745185999999999,01/02/2013
51.4437432,-0.9890513000000001,01/02/2013
51.4519355,-0.9942306,01/03/2013
51.4392189,-0.9596571,01/03/2013
51.4574708,-0.9659372,12/15/2012
51.4330822,-1.0751524,12/31/2012
51.45673290000001,-0.9734676999999999,12/27/2012
51.4441181,-0.9651454,12/24/2012
51.4576189,-0.9117639,12/24/2012
51.4634301,-1.045589,12/18/2012
51.46435349999999,-1.0171928,12/21/2012
51.454603,-0.9745185999999999,12/20/2012
51.4493339,-0.9568546,12/18/2012
51.453817,-0.9736811999999998,12/13/2012
51.45673290000001,-0.9734676999999999,12/07/2012
51.4262057,-0.9754734,12/17/2012
51.4415608,-1.0203877,12/17/2012
51.4486509,-0.9685531,12/15/2012
51.474329,-0.9443328,12/12/2012
51.4544162,-0.9432701,12/14/2012
51.4473816,-0.9636654000000001,12/14/2012
51.4270623,-0.9466600000000001,12/14/2012
51.4540766,-0.9594423,12/10/2012
51.4676088,-0.9051349,12/13/2012
51.4285058,-0.8994531999999998,11/23/2012
51.4697968,-0.9764396,11/30/2012
51.4587095,-1.0396953,12/07/2012
51.4540766,-0.9594423,11/21/2012
51.46435349999999,-1.0171928,11/29/2012
51.4542645,-0.9781303,12/05/2012
51.4327385,-0.9278593,12/03/2012
51.46435349999999,-1.0171928,11/27/2012
51.4594426,-1.0247958,10/23/2012
51.45833750000001,-0.9763207,12/01/2012